Source,Destination,Company,Price(â‚¹),Distance(KM),Time(mins)
MSE Financial Services,Abstract Business Systems,UberGo,259.14,10.7,42
MSE Financial Services,Abstract Business Systems,UberAuto,189.96,10.7,42
MSE Financial Services,Abstract Business Systems,UberPremierSedan,317.16,10.7,42
MSE Financial Services,Abstract Business Systems,UberMoto,105.16,10.7,34
MSE Financial Services,Abstract Business Systems,RapidoBike,150,10.7,34
MSE Financial Services,Abstract Business Systems,RapidoAuto,179,10.7,42
MSE Financial Services,Abstract Business Systems,RapidoCabEconomy,298,10.7,42
MSE Financial Services,Abstract Business Systems,RapidoBikePink,163,10.7,42
MSE Financial Services,Abstract Business Systems,"GovernmentBuses(A1,99x)",20,10.7,62
MSE Financial Services,Abstract Business Systems,"GovernmentBuses(5B,99x)",14,10.7,63
MSE Financial Services,Abstract Business Systems,"GovernmentBuses(49F,99x)",14,10.7,64